neuronal_class,released_subclass,released_object_name,s3_key,size_bytes,regions_represented,download_authorized
Neuronal: Glutamatergic,L2/3 IT,L23-IT,Multiregion_2026/pseudobulk_objects/SEAAD_L23-IT_HIP_MEC_LEC_ITG_MTG_FI_STG_DFC_AnG_V1C_RNAseq_final-nuclei_pseudobulked.2026-06-22.h5ad,337157346,MEC;LEC;ITG;MTG;FI;STG;DFC;AnG;V1C,false
Neuronal: Glutamatergic,L6 IT,L6-IT,Multiregion_2026/pseudobulk_objects/SEAAD_L6-IT_HIP_MEC_LEC_ITG_MTG_FI_STG_DFC_AnG_V1C_RNAseq_final-nuclei_pseudobulked.2026-06-22.h5ad,128019724,HIP;MEC;LEC;ITG;MTG;FI;STG;DFC;AnG;V1C,false
Neuronal: Glutamatergic,L4 IT,L4-IT,Multiregion_2026/pseudobulk_objects/SEAAD_L4-IT_HIP_MEC_LEC_ITG_MTG_FI_STG_DFC_AnG_V1C_RNAseq_final-nuclei_pseudobulked.2026-06-22.h5ad,145817470,MEC;ITG;MTG;FI;STG;DFC;AnG;V1C,false
Neuronal: Glutamatergic,L5 IT,L5-IT,Multiregion_2026/pseudobulk_objects/SEAAD_L5-IT_HIP_MEC_LEC_ITG_MTG_FI_STG_DFC_AnG_V1C_RNAseq_final-nuclei_pseudobulked.2026-06-22.h5ad,244907247,MEC;LEC;ITG;MTG;FI;STG;DFC;AnG;V1C,false
Neuronal: Glutamatergic,L5 ET,L5-ET,Multiregion_2026/pseudobulk_objects/SEAAD_L5-ET_HIP_MEC_LEC_ITG_MTG_FI_STG_DFC_AnG_V1C_RNAseq_final-nuclei_pseudobulked.2026-06-22.h5ad,51405975,HIP;MEC;LEC;ITG;MTG;FI;STG;DFC;AnG;V1C,false
Neuronal: Glutamatergic,L6 CT,L6-CT,Multiregion_2026/pseudobulk_objects/SEAAD_L6-CT_HIP_MEC_LEC_ITG_MTG_FI_STG_DFC_AnG_V1C_RNAseq_final-nuclei_pseudobulked.2026-06-22.h5ad,143481432,HIP;MEC;LEC;ITG;MTG;FI;STG;DFC;AnG;V1C,false
Neuronal: Glutamatergic,L6b,L6b,Multiregion_2026/pseudobulk_objects/SEAAD_L6b_HIP_MEC_LEC_ITG_MTG_FI_STG_DFC_AnG_V1C_RNAseq_final-nuclei_pseudobulked.2026-06-22.h5ad,154817825,HIP;MEC;LEC;ITG;MTG;FI;STG;DFC;AnG;V1C,false
Neuronal: Glutamatergic,L6 IT Car3,L6-IT-Car3,Multiregion_2026/pseudobulk_objects/SEAAD_L6-IT-Car3_HIP_MEC_LEC_ITG_MTG_FI_STG_DFC_AnG_V1C_RNAseq_final-nuclei_pseudobulked.2026-06-22.h5ad,78549894,MEC;ITG;MTG;FI;STG;DFC;AnG;V1C,false
Neuronal: Glutamatergic,L5/6 NP,L56-NP,Multiregion_2026/pseudobulk_objects/SEAAD_L56-NP_HIP_MEC_LEC_ITG_MTG_FI_STG_DFC_AnG_V1C_RNAseq_final-nuclei_pseudobulked.2026-06-22.h5ad,117094493,MEC;LEC;ITG;MTG;FI;STG;DFC;AnG;V1C,false
Neuronal: Glutamatergic,EC IT,EC-IT,Multiregion_2026/pseudobulk_objects/SEAAD_EC-IT_HIP_MEC_LEC_ITG_MTG_FI_STG_DFC_AnG_V1C_RNAseq_final-nuclei_pseudobulked.2026-06-22.h5ad,67558893,MEC;LEC,false
Neuronal: Glutamatergic,Sub-CA1,Sub-CA1,Multiregion_2026/pseudobulk_objects/SEAAD_Sub-CA1_HIP_MEC_LEC_ITG_MTG_FI_STG_DFC_AnG_V1C_RNAseq_final-nuclei_pseudobulked.2026-06-22.h5ad,10394257,HIP;MEC;LEC,false
Neuronal: Glutamatergic,CA2-4,CA2-4,Multiregion_2026/pseudobulk_objects/SEAAD_CA2-4_HIP_MEC_LEC_ITG_MTG_FI_STG_DFC_AnG_V1C_RNAseq_final-nuclei_pseudobulked.2026-06-22.h5ad,9114620,HIP,false
Neuronal: Glutamatergic,DG,DG,Multiregion_2026/pseudobulk_objects/SEAAD_DG_HIP_MEC_LEC_ITG_MTG_FI_STG_DFC_AnG_V1C_RNAseq_final-nuclei_pseudobulked.2026-06-22.h5ad,7245035,HIP,false
Neuronal: GABAergic,Lamp5 Lhx6,Lamp5-Lhx6,Multiregion_2026/pseudobulk_objects/SEAAD_Lamp5-Lhx6_HIP_MEC_LEC_ITG_MTG_FI_STG_DFC_AnG_V1C_RNAseq_final-nuclei_pseudobulked.2026-06-22.h5ad,65870961,HIP;MEC;LEC;ITG;MTG;FI;STG;DFC;AnG;V1C,false
Neuronal: GABAergic,Lamp5,Lamp5,Multiregion_2026/pseudobulk_objects/SEAAD_Lamp5_HIP_MEC_LEC_ITG_MTG_FI_STG_DFC_AnG_V1C_RNAseq_final-nuclei_pseudobulked.2026-06-22.h5ad,153258099,HIP;MEC;LEC;ITG;MTG;FI;STG;DFC;AnG;V1C,false
Neuronal: GABAergic,Pax6,Pax6,Multiregion_2026/pseudobulk_objects/SEAAD_Pax6_HIP_MEC_LEC_ITG_MTG_FI_STG_DFC_AnG_V1C_RNAseq_final-nuclei_pseudobulked.2026-06-22.h5ad,103723563,HIP;MEC;LEC;ITG;MTG;FI;STG;DFC;AnG;V1C,false
Neuronal: GABAergic,Sncg,Sncg,Multiregion_2026/pseudobulk_objects/SEAAD_Sncg_HIP_MEC_LEC_ITG_MTG_FI_STG_DFC_AnG_V1C_RNAseq_final-nuclei_pseudobulked.2026-06-22.h5ad,136779207,HIP;MEC;LEC;ITG;MTG;FI;STG;DFC;AnG;V1C,false
Neuronal: GABAergic,Vip,Vip,Multiregion_2026/pseudobulk_objects/SEAAD_Vip_HIP_MEC_LEC_ITG_MTG_FI_STG_DFC_AnG_V1C_RNAseq_final-nuclei_pseudobulked.2026-06-22.h5ad,460103018,HIP;MEC;LEC;ITG;MTG;FI;STG;DFC;AnG;V1C,false
Neuronal: GABAergic,Sst Chodl,Sst-Chodl,Multiregion_2026/pseudobulk_objects/SEAAD_Sst-Chodl_HIP_MEC_LEC_ITG_MTG_FI_STG_DFC_AnG_V1C_RNAseq_final-nuclei_pseudobulked.2026-06-22.h5ad,29911552,HIP;MEC;LEC;ITG;MTG;FI;STG;DFC;AnG;V1C,false
Neuronal: GABAergic,Sst,Sst,Multiregion_2026/pseudobulk_objects/SEAAD_Sst_HIP_MEC_LEC_ITG_MTG_FI_STG_DFC_AnG_V1C_RNAseq_final-nuclei_pseudobulked.2026-06-22.h5ad,338263040,HIP;MEC;LEC;ITG;MTG;FI;STG;DFC;AnG;V1C,false
Neuronal: GABAergic,Pvalb,Pvalb,Multiregion_2026/pseudobulk_objects/SEAAD_Pvalb_HIP_MEC_LEC_ITG_MTG_FI_STG_DFC_AnG_V1C_RNAseq_final-nuclei_pseudobulked.2026-06-22.h5ad,356265221,HIP;MEC;LEC;ITG;MTG;FI;STG;DFC;AnG;V1C,false
Neuronal: GABAergic,Chandelier,Chandelier,Multiregion_2026/pseudobulk_objects/SEAAD_Chandelier_HIP_MEC_LEC_ITG_MTG_FI_STG_DFC_AnG_V1C_RNAseq_final-nuclei_pseudobulked.2026-06-22.h5ad,57236413,HIP;MEC;LEC;ITG;MTG;FI;STG;DFC;AnG;V1C,false
